Plays?,PlayFrequency,Platforms,GameTypes,Approach,Experience,Action_Absorbed,Action_Skilled,Action_Enjoy,Action_Challenge,Action_Frustrated,Action_Again,Stealth_Absorbed,Stealth_Skilled,Stealth_Enjoy,Stealth_Challenge,Stealth_Frustrated,Stealth_Again,Adaptive_Absorbed,Adaptive_Skilled,Adaptive_Enjoy,Adaptive_Challenge,Adaptive_Frustrated,Adaptive_Again,Action_Rank,Stealth_Rank,Adaptive_Rank,ID,mode_order,Stealth_TimeRatio_avg,Stealth_KillRatio_avg,Stealth_SeenRatio_avg,Stealth_HearedRatio_avg,Stealth_Stealth_W_avg,Stealth_Action_W_avg,Stealth_SurvivalRate,Action_TimeRatio_avg,Action_KillRatio_avg,Action_SeenRatio_avg,Action_HearedRatio_avg,Action_Stealth_W_avg,Action_Action_W_avg,Action_SurvivalRate,Adaptive_TimeRatio_avg,Adaptive_KillRatio_avg,Adaptive_SeenRatio_avg,Adaptive_HearedRatio_avg,Adaptive_Stealth_W_avg,Adaptive_Action_W_avg,Adaptive_SurvivalRate,Stealth_Stealth_A_1,Stealth_Action_A_1,Stealth_Stealth_A_2,Stealth_Action_A_2,Stealth_Stealth_A_3,Stealth_Action_A_3,Stealth_Stealth_A_4,Stealth_Action_A_4,Stealth_Stealth_A_5,Stealth_Action_A_5,Action_Stealth_A_1,Action_Action_A_1,Action_Stealth_A_2,Action_Action_A_2,Action_Stealth_A_3,Action_Action_A_3,Action_Stealth_A_4,Action_Action_A_4,Action_Stealth_A_5,Action_Action_A_5,Adaptive_Stealth_A_1,Adaptive_Action_A_1,Adaptive_Stealth_A_2,Adaptive_Action_A_2,Adaptive_Stealth_A_3,Adaptive_Action_A_3,Adaptive_Stealth_A_4,Adaptive_Action_A_4,Adaptive_Stealth_A_5,Adaptive_Action_A_5,Stealth_Stealth_W_1,Stealth_Action_W_1,Stealth_Stealth_W_2,Stealth_Action_W_2,Stealth_Stealth_W_3,Stealth_Action_W_3,Stealth_Stealth_W_4,Stealth_Action_W_4,Stealth_Stealth_W_5,Stealth_Action_W_5,Action_Stealth_W_1,Action_Action_W_1,Action_Stealth_W_2,Action_Action_W_2,Action_Stealth_W_3,Action_Action_W_3,Action_Stealth_W_4,Action_Action_W_4,Action_Stealth_W_5,Action_Action_W_5,Adaptive_Stealth_W_1,Adaptive_Action_W_1,Adaptive_Stealth_W_2,Adaptive_Action_W_2,Adaptive_Stealth_W_3,Adaptive_Action_W_3,Adaptive_Stealth_W_4,Adaptive_Action_W_4,Adaptive_Stealth_W_5,Adaptive_Action_W_5
"Yes, regularly",6-10 hours,PC / Laptop,Shooter (FPS / TPS),Action / Fast-paced / “Guns-blazing”,Very experienced,2,1,3,3,2,3,3,2,2,2,-2,2,3,3,3,3,-1,3,Lowest enjoyment,Middle enjoyment,Highest enjoyment,1,Action > Adaptive > Stealth,0.7814080000000001,0.7555182,0.1827668,0.368287,0.7622538000000001,0.2377462,0.8,0.2372288,0.035972,0.307004,0.908769,0.2078287999999999,0.7921712000000001,0.8,0.9030334,0.8377192000000001,0.075868,0.1609442,0.8791511999999999,0.1208488,1.0,0.690984,0.309016,0.588363,0.411637,0.776192,0.223808,0.639923,0.360077,0.807904,0.192096,0.35296,0.64704,0.225047,0.774953,0.255876,0.744124,0.294366,0.705634,0.205448,0.794552,0.623552,0.376448,0.811091,0.188909,0.905546,0.094454,0.871095,0.128905,0.842236,0.157764,0.881968,0.118032,0.485742,0.514258,0.964021,0.035979,0.503654,0.496346,0.975884,0.024116,0.205919,0.794081,0.097135,0.902865,0.286705,0.713295,0.332855,0.667145,0.11653,0.88347,0.747105,0.252895,0.99863,0.00137,1.0,0.0,0.836643,0.163357,0.813378,0.186622
"Yes, regularly",11-20 hours,PC / Laptop;Mobile / Tablet,Action / Hack-and-slash;Role-playing (RPG);Strategy (RTS / 4x / Turn-based);Puzzle / Casual,"A mix of both (sometimes stealth, sometimes action)",Very experienced,2,2,2,0,-3,2,1,2,0,-1,-3,-1,2,2,2,-1,-3,3,Middle enjoyment,Lowest enjoyment,Highest enjoyment,2,Action > Stealth > Adaptive,0.1205192,0.32,0.3860737999999999,0.9157894,0.2260734,0.7739266,1.0,0.0632512,0.0,0.3596534,0.9837564,0.0972845999999999,0.9027154,1.0,0.0,0.0,0.317607,1.0,0.0682392,0.9317608,1.0,0.446289,0.553711,0.238422,0.761578,0.402393,0.597607,0.224768,0.775232,0.159246,0.840754,0.278682,0.721318,0.253986,0.746014,0.163586,0.836414,0.105449,0.894551,0.09236,0.90764,0.284577,0.715423,0.17497,0.82503,0.11566,0.88434,0.09983,0.90017,0.08308,0.91692,0.392579,0.607421,0.030556,0.969444,0.566364,0.433636,0.047143,0.952857,0.093725,0.906275,0.057364,0.942636,0.22929,0.77071,0.073186,0.926814,0.047312,0.952688,0.079271,0.920729,0.069154,0.930846,0.065363,0.934637,0.056349,0.943651,0.084,0.916,0.06633,0.93367
"Yes, regularly",11-20 hours,PC / Laptop,Action / Hack-and-slash;Role-playing (RPG);Puzzle / Casual,"A mix of both (sometimes stealth, sometimes action)",Very experienced,2,1,2,3,-2,2,2,-2,1,3,-1,2,2,0,2,1,-1,1,Highest enjoyment,Middle enjoyment,Lowest enjoyment,3,Adaptive > Action > Stealth,0.7269492000000001,0.7953296,0.2704894,0.4780896,0.7272158000000001,0.2727842,0.8,0.0,0.0,0.3909535999999999,1.0,0.0609048,0.9390952,0.8,0.138724,0.1062935999999999,0.284764,0.9018946,0.1825842,0.8174158,1.0,0.684282,0.315718,0.815908,0.184092,0.781418,0.218582,0.627249,0.372751,0.61361,0.38639,0.283506,0.716494,0.171216,0.828784,0.112141,0.887859,0.082591,0.917409,0.077535,0.922465,0.467368,0.532632,0.27578,0.72422,0.173824,0.826176,0.117853,0.882147,0.189048,0.810952,0.868565,0.131435,0.947534,0.052466,0.746929,0.253071,0.473079,0.526921,0.599972,0.400028,0.067013,0.932987,0.058925,0.941075,0.053066,0.946934,0.053041,0.946959,0.072479,0.927521,0.434735,0.565265,0.084193,0.915807,0.071867,0.928133,0.061883,0.938117,0.260243,0.739757
"Yes, regularly",1-5 hours,PC / Laptop;Mobile / Tablet,Action / Hack-and-slash;Role-playing (RPG);Strategy (RTS / 4x / Turn-based);Puzzle / Casual,"A mix of both (sometimes stealth, sometimes action)",Very experienced,2,3,3,0,-3,2,3,0,3,3,-3,3,2,1,3,3,-3,3,Lowest enjoyment,Highest enjoyment,Middle enjoyment,4,Adaptive > Action > Stealth,0.5067953999999999,0.39,0.3318316,0.6679426,0.4704203999999999,0.5295796,0.8,0.1281646,0.0947368,0.2922938,0.917428,0.1715312,0.8284687999999999,1.0,0.09129,0.0472222,0.3708294,0.9379652,0.1289324,0.8710675999999999,0.8,0.590284,0.409716,0.438588,0.561412,0.710635,0.289365,0.526782,0.473218,0.292906,0.707094,0.318,0.682,0.187636,0.812364,0.123069,0.876931,0.105393,0.894607,0.311779,0.688221,0.345133,0.654867,0.314201,0.685799,0.188444,0.811556,0.123371,0.876629,0.086756,0.913244,0.680568,0.319432,0.286893,0.713107,0.982682,0.017318,0.342929,0.657071,0.05903,0.94097,0.135999,0.864001,0.057273,0.942727,0.058501,0.941499,0.087717,0.912283,0.518166,0.481834,0.190267,0.809733,0.283268,0.716732,0.062687,0.937313,0.058298,0.941702,0.050142,0.949858
"Yes, occasionally",Less than 1 hour,PlayStation / Xbox;Mobile / Tablet,Puzzle / Casual;Sports,"A mix of both (sometimes stealth, sometimes action)",Somewhat experienced,3,2,3,3,-3,3,3,0,2,3,2,3,3,2,2,3,-2,2,Highest enjoyment,Lowest enjoyment,Middle enjoyment,5,Stealth > Adaptive > Action,0.185454,0.0666665999999999,0.53745,0.8848072,0.1705012,0.8294988,0.0,0.0,0.0,0.3390178,1.0,0.0660982,0.9339018,0.8,0.0,0.0,0.4578609999999999,1.0,0.054214,0.945786,0.4,0.273288,0.726712,0.356773,0.643227,0.323434,0.676566,0.183548,0.816452,0.107732,0.892268,0.282602,0.717398,0.171948,0.828052,0.130928,0.869072,0.095663,0.904337,0.074675,0.925325,0.277804,0.722196,0.159554,0.840446,0.102056,0.897944,0.080554,0.919446,0.075551,0.924449,0.046575,0.953425,0.440258,0.559742,0.290096,0.709904,0.043662,0.956338,0.031915,0.968085,0.065203,0.934797,0.061294,0.938706,0.089908,0.910092,0.060399,0.939601,0.053687,0.946313,0.055609,0.944391,0.041304,0.958696,0.044557,0.955443,0.059053,0.940947,0.070547,0.929453
"Yes, regularly",11-20 hours,PC / Laptop,Role-playing (RPG);Shooter (FPS / TPS),"A mix of both (sometimes stealth, sometimes action)",Very experienced,2,1,2,2,-2,2,3,1,3,1,-2,2,2,1,2,0,-3,2,Middle enjoyment,Lowest enjoyment,Highest enjoyment,6,Stealth > Adaptive > Action,0.7648535999999999,0.704265,0.336103,0.4781082,0.7122847999999999,0.2877152,0.6,0.2556762,0.077356,0.3830129999999999,0.8953255999999999,0.223211,0.776789,1.0,0.6759014,0.7984128,0.0957266,0.350718,0.7328302,0.2671697999999999,1.0,0.651658,0.348342,0.823623,0.176377,0.746665,0.253335,0.651586,0.348414,0.593947,0.406053,0.417514,0.582486,0.243684,0.756316,0.253488,0.746512,0.239123,0.760877,0.231123,0.768877,0.530166,0.469834,0.591044,0.408956,0.629749,0.370251,0.768955,0.231045,0.822119,0.177881,0.803316,0.196684,0.995588,0.004412,0.669706,0.330294,0.556507,0.443493,0.536307,0.463693,0.335029,0.664971,0.069854,0.930146,0.263291,0.736709,0.224758,0.775242,0.223123,0.776877,0.560332,0.439668,0.651921,0.348079,0.668455,0.331545,0.90816,0.09184,0.875283,0.124717
"Yes, occasionally",1-5 hours,PC / Laptop,Puzzle / Casual,Stealthier / Tactical / Planned / Slower / Careful,Somewhat experienced,0,-2,2,1,-2,2,1,0,1,1,-3,1,0,-1,1,1,-2,1,Lowest enjoyment,Highest enjoyment,Middle enjoyment,7,Action > Stealth > Adaptive,0.2554766,0.0,0.3017914,0.8080807999999999,0.216751,0.783249,1.0,0.3740632,0.0,0.4206834,0.8943770000000001,0.2555256,0.7444744,0.6,0.0,0.0,0.2723276,1.0,0.0727671999999999,0.9272328,1.0,0.407835,0.592165,0.490186,0.509814,0.276002,0.723998,0.170144,0.829856,0.119794,0.880206,0.453279,0.546721,0.379799,0.620201,0.285863,0.714137,0.17133,0.82867,0.243678,0.756322,0.286486,0.713514,0.187334,0.812666,0.13629,0.86371,0.091544,0.908456,0.081091,0.918909,0.31567,0.68433,0.572537,0.427463,0.061818,0.938182,0.064286,0.935714,0.069444,0.930556,0.406558,0.593442,0.306319,0.693681,0.191927,0.808073,0.056798,0.943202,0.316026,0.683974,0.072973,0.927027,0.088182,0.911818,0.085246,0.914754,0.046797,0.953203,0.070638,0.929362
"Yes, regularly",6-10 hours,PC / Laptop,Role-playing (RPG);Rhythm,"A mix of both (sometimes stealth, sometimes action)",Somewhat experienced,0,0,-1,2,1,-1,1,2,2,3,1,2,0,1,1,2,0,2,Lowest enjoyment,Highest enjoyment,Middle enjoyment,8,Adaptive > Action > Stealth,0.9224252,0.8714286,0.186862,0.0610294,0.8978522,0.1021477999999999,0.8,0.3277672,0.0,0.4140018,0.7882352,0.2436598,0.7563402,0.8,0.6479853999999999,0.5589744000000001,0.1944804,0.4987992,0.6223569999999999,0.3776429999999999,0.8,0.726591,0.273409,0.705446,0.294554,0.802324,0.197676,0.882807,0.117193,0.936046,0.063954,0.450686,0.549314,0.251121,0.748879,0.146966,0.853034,0.373084,0.626916,0.248222,0.751778,0.598807,0.401193,0.74254,0.25746,0.704515,0.295485,0.386543,0.613457,0.58969,0.41031,0.953182,0.046818,0.684302,0.315698,0.899201,0.100799,0.96329,0.03671,0.989286,0.010714,0.401372,0.598628,0.051556,0.948444,0.04281,0.95719,0.599202,0.400798,0.123359,0.876641,0.697614,0.302386,0.886272,0.113728,0.666491,0.333509,0.068571,0.931429,0.792837,0.207163
"Yes, regularly",1-5 hours,PC / Laptop;Mobile / Tablet;Switch / Steam Deck,Action / Hack-and-slash;Role-playing (RPG);Puzzle / Casual,Stealthier / Tactical / Planned / Slower / Careful,Very experienced,3,2,3,3,-3,2,3,1,2,2,-3,2,2,1,2,1,-3,2,Highest enjoyment,Middle enjoyment,Lowest enjoyment,9,Adaptive > Stealth > Action,0.8085039999999999,0.708889,0.239589,0.486508,0.7443088,0.2556911999999999,0.8,0.5482096000000001,0.2522646,0.1760038,0.6395346,0.46823,0.5317700000000001,1.0,0.8196942,0.6400348,0.1107702,0.2940466,0.7613757999999999,0.2386242,0.8,0.620823,0.379177,0.669814,0.330186,0.760471,0.239529,0.763412,0.236588,0.703512,0.296488,0.714292,0.285708,0.577343,0.422657,0.444275,0.555725,0.389191,0.610809,0.358025,0.641975,0.516617,0.483383,0.558932,0.441068,0.617517,0.382483,0.808759,0.191241,0.902527,0.097473,0.741646,0.258354,0.718804,0.281196,0.851129,0.148871,0.766353,0.233647,0.643612,0.356388,0.928584,0.071416,0.440394,0.559606,0.311207,0.688793,0.334106,0.665894,0.326859,0.673141,0.533234,0.466766,0.601246,0.398754,0.676103,0.323897,1.0,0.0,0.996296,0.003704
"Yes, regularly",6-10 hours,PlayStation / Xbox,Action / Hack-and-slash;Stealth / Tactical;Role-playing (RPG);Strategy (RTS / 4x / Turn-based);Shooter (FPS / TPS);Puzzle / Casual;Sports,"A mix of both (sometimes stealth, sometimes action)",Inexperienced,3,3,3,1,-2,3,3,2,2,2,-1,2,2,1,2,1,-2,2,Highest enjoyment,Middle enjoyment,Lowest enjoyment,10,Adaptive > Stealth > Action,0.839701,0.7214286,0.2212508,0.3737924,0.7767748,0.2232252,0.6,0.6581387999999999,0.3445238,0.1851294,0.5509282,0.5588208,0.4411792,1.0,0.7527608000000001,0.4051947999999999,0.2086276,0.4830348,0.6287723999999999,0.3712276,1.0,0.460325,0.539675,0.700258,0.299742,0.743479,0.256521,0.750123,0.249877,0.864844,0.135156,0.490266,0.509734,0.554252,0.445748,0.507239,0.492761,0.710306,0.289694,0.51602,0.48398,0.494253,0.505747,0.584406,0.415594,0.641277,0.358723,0.645626,0.354374,0.63915,0.36085,0.42065,0.57935,0.940191,0.059809,0.7867,0.2133,0.756767,0.243233,0.979566,0.020434,0.480531,0.519469,0.618239,0.381761,0.460226,0.539774,0.913373,0.086627,0.321735,0.678265,0.488506,0.511494,0.674558,0.325442,0.698148,0.301852,0.649975,0.350025,0.632675,0.367325
"Yes, occasionally",1-5 hours,PC / Laptop;Switch / Steam Deck,Role-playing (RPG);Shooter (FPS / TPS);Sports,Action / Fast-paced / “Guns-blazing”,Very experienced,2,0,2,2,0,2,2,2,2,-1,-3,0,2,2,3,0,-2,2,Highest enjoyment,Lowest enjoyment,Middle enjoyment,11,Adaptive > Stealth > Action,0.9899656,0.2,0.0957482,0.0142858,0.7439794,0.2560206,1.0,0.822646,0.4,0.2392742,0.2267998,0.6847156,0.3152844,1.0,0.8767538,0.95,0.1059585999999999,0.1493192,0.8978490000000001,0.102151,1.0,0.746024,0.253976,0.712928,0.287072,0.705327,0.294673,0.684051,0.315949,0.685783,0.314217,0.37888,0.62112,0.659178,0.340822,0.669198,0.330802,0.636047,0.363953,0.790137,0.209863,0.593978,0.406022,0.760827,0.239173,0.862995,0.137005,0.906218,0.093782,0.932614,0.067386,0.992049,0.007951,0.679831,0.320169,0.697727,0.302273,0.662774,0.337226,0.687516,0.312484,0.257761,0.742239,0.939476,0.060524,0.679219,0.320781,0.602895,0.397105,0.944227,0.055773,0.687955,0.312045,0.927677,0.072323,0.965162,0.034838,0.94944,0.05056,0.959011,0.040989
"Yes, regularly",More than 20 hours,PC / Laptop;Mobile / Tablet,Action / Hack-and-slash;Role-playing (RPG);Shooter (FPS / TPS);Puzzle / Casual;Survival Sandbox;MOBA,Action / Fast-paced / “Guns-blazing”,Very experienced,2,2,2,1,-3,2,1,0,0,2,-2,0,2,3,3,2,-3,3,Middle enjoyment,Lowest enjoyment,Highest enjoyment,12,Stealth > Action > Adaptive,0.0,0.0,0.6066868000000001,1.0,0.0393312,0.9606688,1.0,0.0,0.0,0.3433607999999999,1.0,0.0656642,0.9343358,1.0,0.0,0.0,0.4493564,1.0,0.0550644,0.9449356,1.0,0.272403,0.727597,0.154622,0.845378,0.100985,0.899015,0.065877,0.934123,0.051385,0.948615,0.284891,0.715109,0.173029,0.826971,0.122463,0.877537,0.093658,0.906342,0.077139,0.922861,0.278414,0.721586,0.170369,0.829631,0.111686,0.888314,0.084052,0.915948,0.0654,0.9346,0.044805,0.955195,0.036842,0.963158,0.047347,0.952653,0.030769,0.969231,0.036893,0.963107,0.069782,0.930218,0.061168,0.938832,0.071896,0.928104,0.064854,0.935146,0.060621,0.939379,0.056828,0.943172,0.062324,0.937676,0.053004,0.946996,0.056418,0.943582,0.046748,0.953252
"Yes, regularly",More than 20 hours,PC / Laptop;Mobile / Tablet,Action / Hack-and-slash;Stealth / Tactical;Role-playing (RPG);Shooter (FPS / TPS);Puzzle / Casual;Survival Sandbox;Simulation,Stealthier / Tactical / Planned / Slower / Careful,Very experienced,-1,-2,1,2,1,0,1,-1,1,2,-2,3,1,1,2,2,-1,2,Highest enjoyment,Lowest enjoyment,Middle enjoyment,13,Stealth > Action > Adaptive,0.7419546,0.5603174,0.2988931999999999,0.3357142,0.6756116000000001,0.3243884,0.4,0.6042995999999999,0.1942364,0.1101654,0.4424424,0.5051598,0.4948401999999999,1.0,0.977737,0.7823376000000001,0.0881576,0.0923076,0.9055232,0.0944768,1.0,0.2625,0.7375,0.427211,0.572789,0.686214,0.313786,0.83566,0.16434,0.833237,0.166763,0.579543,0.420457,0.541389,0.458611,0.435005,0.564995,0.547568,0.452432,0.461148,0.538852,0.725364,0.274636,0.862682,0.137318,0.785448,0.214552,0.82821,0.17179,0.912956,0.087044,0.025,0.975,0.591922,0.408078,0.945216,0.054784,0.985106,0.014894,0.830814,0.169186,0.659086,0.340914,0.503234,0.496766,0.328621,0.671379,0.660131,0.339869,0.374727,0.625273,0.950729,0.049271,1.0,0.0,0.708214,0.291786,0.870972,0.129028,0.997701,0.002299
"Yes, regularly",6-10 hours,PC / Laptop;Mobile / Tablet;Switch / Steam Deck,Action / Hack-and-slash;Role-playing (RPG);Puzzle / Casual,Action / Fast-paced / “Guns-blazing”,Somewhat experienced,3,2,3,1,-1,3,2,-1,2,0,-2,1,3,2,2,1,-2,3,Middle enjoyment,Lowest enjoyment,Highest enjoyment,14,Stealth > Action > Adaptive,0.4349652,0.5020202,0.4269949999999999,0.8000532,0.4453836000000001,0.5546163999999999,0.6,0.118042,0.0441558,0.3628766,0.9656854,0.1394118,0.8605882000000001,0.8,0.4387125999999999,0.3066668,0.1941522,0.7097832,0.4209628,0.5790371999999999,1.0,0.386412,0.613588,0.400332,0.599668,0.523535,0.476465,0.471778,0.528222,0.472432,0.527568,0.326469,0.673531,0.197717,0.802283,0.123541,0.876459,0.092661,0.907339,0.228335,0.771665,0.512725,0.487275,0.430334,0.569666,0.506649,0.493351,0.426317,0.573683,0.364395,0.635605,0.272823,0.727177,0.414252,0.585748,0.646738,0.353262,0.42002,0.57998,0.473085,0.526915,0.152938,0.847062,0.068966,0.931034,0.049365,0.950635,0.061782,0.938218,0.364008,0.635992,0.525451,0.474549,0.347942,0.652058,0.582964,0.417036,0.345985,0.654015,0.302472,0.697528
"Yes, regularly",More than 20 hours,PC / Laptop;PlayStation / Xbox;Mobile / Tablet;Switch / Steam Deck,Action / Hack-and-slash;Stealth / Tactical;Role-playing (RPG);Shooter (FPS / TPS);Puzzle / Casual,"A mix of both (sometimes stealth, sometimes action)",Somewhat experienced,0,-2,-1,2,-3,-2,-1,-1,-1,0,-3,0,-1,0,1,-1,-3,0,Middle enjoyment,Lowest enjoyment,Highest enjoyment,15,Adaptive > Action > Stealth,0.9731608,0.7714285999999999,0.1955988,0.025,0.8959493999999999,0.1040506,1.0,0.1660748,0.0363636,0.344461,0.8693548,0.1725648,0.8274352,1.0,0.9966492,0.9343824,0.1502954,0.0,0.9636098,0.0363902,1.0,0.672106,0.327894,0.835295,0.164705,0.916349,0.083651,0.940119,0.059881,0.807938,0.192062,0.557011,0.442989,0.313043,0.686957,0.189407,0.810593,0.123729,0.876271,0.089817,0.910183,0.73068,0.26932,0.844686,0.155314,0.917856,0.082144,0.912414,0.087586,0.956207,0.043793,0.844212,0.155788,0.998485,0.001515,0.997403,0.002597,0.963889,0.036111,0.675758,0.324242,0.614021,0.385979,0.069075,0.930925,0.06577,0.93423,0.058052,0.941948,0.055906,0.944094,0.96136,0.03864,0.958692,0.041308,0.991026,0.008974,0.906971,0.093029,1.0,0.0
"Yes, regularly",More than 20 hours,PC / Laptop;Mobile / Tablet,Action / Hack-and-slash;Stealth / Tactical;Role-playing (RPG);Strategy (RTS / 4x / Turn-based);Shooter (FPS / TPS);Puzzle / Casual,"A mix of both (sometimes stealth, sometimes action)",Very experienced,1,1,1,1,0,1,0,1,1,2,0,1,1,1,1,1,0,1,Lowest enjoyment,Middle enjoyment,Highest enjoyment,16,Stealth > Adaptive > Action,0.082995,0.05,0.4087754,0.9836734,0.1172527999999999,0.8827472000000001,0.8,0.0,0.0,0.3570484,1.0,0.064295,0.935705,1.0,0.0,0.0,0.2641784,1.0,0.073582,0.926418,1.0,0.283333,0.716667,0.181667,0.818333,0.090833,0.909167,0.222715,0.777285,0.153857,0.846143,0.279574,0.720426,0.17469,0.82531,0.121771,0.878229,0.092439,0.907561,0.076501,0.923499,0.294574,0.705426,0.176982,0.823018,0.134491,0.865509,0.09423,0.90577,0.083817,0.916183,0.066667,0.933333,0.08,0.92,0.0,1.0,0.354597,0.645403,0.085,0.915,0.059148,0.940852,0.069805,0.930195,0.068852,0.931148,0.063107,0.936893,0.060563,0.939437,0.089147,0.910853,0.059391,0.940609,0.092,0.908,0.053968,0.946032,0.073404,0.926596
"Yes, regularly",More than 20 hours,PC / Laptop;PlayStation / Xbox;Mobile / Tablet,Role-playing (RPG);Strategy (RTS / 4x / Turn-based);Shooter (FPS / TPS);Puzzle / Casual,"A mix of both (sometimes stealth, sometimes action)",Very experienced,3,3,1,3,1,-2,3,3,1,3,-3,3,3,3,3,3,-3,3,Lowest enjoyment,Highest enjoyment,Middle enjoyment,17,Adaptive > Stealth > Action,1.0,0.4,0.2075076,0.0,0.7992492,0.2007508,0.8,0.9628534,0.0,0.1761144,0.001031,0.6637120000000001,0.336288,1.0,0.9960618,0.8880952000000001,0.0772088,0.0,0.9567386,0.0432613999999999,1.0,0.569712,0.430288,0.615585,0.384415,0.807261,0.192739,0.751845,0.248155,0.875922,0.124078,0.538042,0.461958,0.606735,0.393265,0.653156,0.346844,0.67545,0.32455,0.672589,0.327411,0.697377,0.302623,0.848688,0.151312,0.898983,0.101017,0.948582,0.051418,0.945031,0.054969,0.639423,0.360577,0.661458,0.338542,0.998936,0.001064,0.696429,0.303571,1.0,0.0,0.576085,0.423915,0.675428,0.324572,0.699576,0.300424,0.697744,0.302256,0.669727,0.330273,0.894754,0.105246,1.0,0.0,0.949277,0.050723,0.998182,0.001818,0.94148,0.05852
"Yes, regularly",1-5 hours,PC / Laptop;Switch / Steam Deck,Stealth / Tactical;Role-playing (RPG);Strategy (RTS / 4x / Turn-based);Puzzle / Casual,Stealthier / Tactical / Planned / Slower / Careful,Very experienced,3,1,-1,3,2,-2,2,2,1,1,-3,1,2,2,3,2,0,2,Lowest enjoyment,Middle enjoyment,Highest enjoyment,18,Stealth > Action > Adaptive,0.8181366000000001,0.3666666,0.1910268,0.2,0.6799656,0.3200344,1.0,0.4735142,0.2333333999999999,0.2096476,0.6992801999999999,0.4158643999999999,0.5841356,1.0,0.9914463999999998,0.42,0.0562848,0.0,0.8160946000000001,0.1839054,1.0,0.321353,0.678647,0.619425,0.380575,0.645079,0.354921,0.820815,0.179185,0.746578,0.253422,0.3502,0.6498,0.462242,0.537758,0.265341,0.734659,0.531938,0.468062,0.4848,0.5152,0.662755,0.337245,0.766672,0.233328,0.725523,0.274477,0.712762,0.287238,0.856381,0.143619,0.142707,0.857293,0.917497,0.082503,0.670732,0.329268,0.996552,0.003448,0.67234,0.32766,0.200401,0.799599,0.574283,0.425717,0.06844,0.93156,0.798535,0.201465,0.437663,0.562337,0.82551,0.17449,0.870588,0.129412,0.684375,0.315625,0.7,0.3,1.0,0.0
"Yes, regularly",More than 20 hours,PC / Laptop;Mobile / Tablet,Role-playing (RPG);Strategy (RTS / 4x / Turn-based);Shooter (FPS / TPS);Puzzle / Casual,"A mix of both (sometimes stealth, sometimes action)",Very experienced,1,2,1,0,-3,-1,1,1,1,-2,-3,-2,1,3,-1,-3,-3,-1,Highest enjoyment,Middle enjoyment,Lowest enjoyment,19,Stealth > Action > Adaptive,0.091515,0.1428572,0.3470556,0.9292682,0.1609822,0.8390178,1.0,0.0,0.0,0.4433234,1.0,0.0556674,0.9443326,1.0,0.0,0.0,0.3333154,1.0,0.0666684,0.9333316,1.0,0.528444,0.471556,0.299936,0.700064,0.182895,0.817105,0.117088,0.882912,0.088274,0.911726,0.268843,0.731157,0.159493,0.840507,0.114026,0.885974,0.09114,0.90886,0.072418,0.927582,0.278322,0.721678,0.171478,0.828522,0.11936,0.88064,0.106159,0.893841,0.079012,0.920988,0.556887,0.443113,0.071429,0.928571,0.065854,0.934146,0.051282,0.948718,0.059459,0.940541,0.037685,0.962315,0.050143,0.949857,0.068559,0.931441,0.068254,0.931746,0.053696,0.946304,0.056643,0.943357,0.064634,0.935366,0.067241,0.932759,0.092958,0.907042,0.051866,0.948134
"Yes, regularly",More than 20 hours,PC / Laptop;Mobile / Tablet,Strategy (RTS / 4x / Turn-based);Shooter (FPS / TPS),"A mix of both (sometimes stealth, sometimes action)",Somewhat experienced,2,2,2,2,-3,1,2,1,1,0,-3,0,2,1,2,0,-3,0,Highest enjoyment,Lowest enjoyment,Middle enjoyment,20,Stealth > Adaptive > Action,0.9214784,0.7333334,0.1643014,0.1548913999999999,0.8488199999999999,0.15118,0.8,0.560485,0.3,0.2763764,0.8205920000000001,0.4605456,0.5394544,1.0,0.9251224,0.7766234,0.0932978,0.1223832,0.8739800000000001,0.12602,1.0,0.606152,0.393848,0.787729,0.212271,0.814873,0.185127,0.770352,0.229648,0.882496,0.117504,0.532346,0.467654,0.383021,0.616979,0.54791,0.45209,0.446548,0.553452,0.446452,0.553548,0.652319,0.347681,0.664788,0.335212,0.776397,0.223603,0.888198,0.111802,0.944099,0.055901,0.712305,0.287695,0.969307,0.030693,0.842017,0.157983,0.72583,0.27417,0.994641,0.005359,0.564691,0.435309,0.233696,0.766304,0.7128,0.2872,0.345185,0.654815,0.446356,0.553644,0.804637,0.195363,0.677258,0.322742,0.888005,0.111995,1.0,0.0,1.0,0.0
"Yes, regularly",6-10 hours,PC / Laptop;PlayStation / Xbox;Mobile / Tablet;Switch / Steam Deck,Action / Hack-and-slash;Stealth / Tactical;Role-playing (RPG);Strategy (RTS / 4x / Turn-based);Shooter (FPS / TPS),Action / Fast-paced / “Guns-blazing”,Very experienced,3,3,3,3,3,3,1,0,3,3,-1,3,2,2,2,0,-2,2,Highest enjoyment,Middle enjoyment,Lowest enjoyment,21,Adaptive > Stealth > Action,0.5315542,0.5924244,0.3111716,0.5223964000000001,0.5601476,0.4398524,0.8,0.0050976,0.0,0.5587264,1.0,0.0466762,0.9533238,1.0,0.2952014,0.1698806,0.2816218,0.8131958000000001,0.289083,0.710917,1.0,0.268466,0.731534,0.479106,0.520894,0.739162,0.260838,0.687266,0.312734,0.563369,0.436631,0.276111,0.723889,0.164056,0.835944,0.111439,0.888561,0.073637,0.926363,0.054069,0.945931,0.35433,0.64567,0.389178,0.610822,0.297522,0.702478,0.324554,0.675446,0.289915,0.710085,0.036932,0.963068,0.689746,0.310254,0.999219,0.000781,0.63537,0.36463,0.439471,0.560529,0.052222,0.947778,0.052,0.948,0.058822,0.941178,0.035836,0.964164,0.034501,0.965499,0.208661,0.791339,0.424026,0.575974,0.205866,0.794134,0.351586,0.648414,0.255276,0.744724
